Jessica,Caruso,Mon Jul 17 00:00:00 CEST 1989,25,j.caruso@mail.com,j.caruso,password
Roberto,Fusco,Mon Jun 15 00:00:00 CEST 1987,27,r.fusco@tiscali.it,r.fusco,password
Melissa,Donati,Thu Aug 12 00:00:00 CEST 1993,21,m.donati@alice.it,m.donati,password
Federico,Aiello,Tue Nov 10 00:00:00 CET 1998,16,f.aiello@alice.it,f.aiello,password
Marianna,Garofalo,Wed Jan 16 00:00:00 CET 1985,30,m.garofalo@alice.it,m.garofalo,password
Hector,Grassi,Fri Feb 08 00:00:00 CET 1991,24,h.grassi@mail.com,h.grassi,password
Angelica,Martino,Sun Mar 12 00:00:00 CET 2000,15,a.martino@outlook.com,a.martino,password
Serafino,Coppola,Fri Jul 27 00:00:00 CEST 1984,30,s.coppola@outlook.com,s.coppola,password
Ottavia,Sala,Sun Sep 14 00:00:00 CEST 1997,17,o.sala@alice.it,o.sala,password
Emanuele,Pagano,Thu Apr 13 00:00:00 CEST 1989,26,e.pagano@mail.com,e.pagano,password
Yasmine,Ricciardi,Fri Jul 24 00:00:00 CEST 1998,16,y.ricciardi@hotmail.it,y.ricciardi,password
Cristopher,Montanari,Wed Dec 09 00:00:00 CET 1981,33,c.montanari@jegjeghede.org,c.montanari,password
Veronica,Antonelli,Thu Jun 01 00:00:00 CEST 2000,15,v.antonelli@gmail.com,v.antonelli,password
Romeo,Pastore,Wed Jan 02 00:00:00 CET 1991,24,r.pastore@hotmail.it,r.pastore,password
Priscilla,Martino,Sun Jun 24 00:00:00 CEST 1990,24,p.martino@mail.it,p.martino,password
Isacco,Catalano,Sun Nov 03 00:00:00 CET 1985,29,i.catalano@hotmail.it,i.catalano,password
Lizabeth,Rossi,Thu Jul 18 00:00:00 CEST 1991,23,l.rossi@outlook.com,l.rossi,password
Isacco,Serra,Wed Jul 12 00:00:00 CEST 2000,14,i.serra@alice.it,i.serra,password
Melissa,Pellegrini,Sun Sep 18 00:00:00 CEST 1988,26,m.pellegrini@libero.it,m.pellegrini,password
Sasha,Rizzi,Thu Nov 08 00:00:00 CET 1984,30,s.rizzi@mail.com,s.rizzi,password
Isabella,Conti,Wed Mar 26 00:00:00 CET 1986,29,i.conti@gmail.com,i.conti,password
Moris,Farina,Fri Dec 23 00:00:00 CET 1994,20,m.farina@outlook.com,m.farina,password
Susanna,Villani,Thu Jul 10 00:00:00 CEST 1986,28,s.villani@gmail.com,s.villani,password
Raffaele,Romeo,Wed Nov 22 00:00:00 CET 2000,14,r.romeo@outlook.com,r.romeo,password
Micol,Bruno,Wed Jun 09 00:00:00 CEST 1999,16,m.bruno@jegjeghede.org,m.bruno,password
Hector,Testa,Wed Oct 02 00:00:00 CET 1985,29,h.testa@mail.com,h.testa,password
Serena,Monaco,Mon Aug 26 00:00:00 CEST 1996,18,s.monaco@outlook.com,s.monaco,password
Emanuele,De Rosa,Sun Oct 22 00:00:00 CET 1989,25,e.de rosa@hotmail.it,e.de rosa,password
Jillian,Sala,Thu Oct 05 00:00:00 CET 1995,19,j.sala@mail.com,j.sala,password
Nicol,Caputo,Sun Dec 20 00:00:00 CET 1987,27,n.caputo@hotmail.it,n.caputo,password
Micaela,Ruggiero,Tue Jun 19 00:00:00 CEST 1984,30,m.ruggiero@jegjeghede.org,m.ruggiero,password
Ermes,Pinna,Tue Sep 15 00:00:00 CEST 1987,27,e.pinna@libero.it,e.pinna,password
Monica,Sartori,Thu Sep 18 00:00:00 CEST 1997,17,m.sartori@outlook.com,m.sartori,password
Salvatore,Basile,Thu May 17 00:00:00 CEST 1990,25,s.basile@tiscali.it,s.basile,password
Miranda,Ferraro,Mon Jul 11 00:00:00 CEST 1994,20,m.ferraro@mail.com,m.ferraro,password
Efrem,Di Stefano,Tue Jul 23 00:00:00 CEST 1991,23,e.di stefano@hotmail.it,e.di stefano,password
Manuela,Rizzi,Sun Jun 11 00:00:00 CEST 1995,20,m.rizzi@libero.it,m.rizzi,password
Moris,Messina,Fri Nov 26 00:00:00 CET 1999,15,m.messina@gmail.com,m.messina,password
Gaia,Ruggeri,Tue Apr 13 00:00:00 CEST 1993,22,g.ruggeri@jegjeghede.org,g.ruggeri,password
Thomas,Longo,Sun Jun 19 00:00:00 CEST 1988,26,t.longo@libero.it,t.longo,password
Irene,Mariani,Thu Mar 18 00:00:00 CET 1999,16,i.mariani@gmail.com,i.mariani,password
Marco,Parisi,Sun Mar 07 00:00:00 CET 1982,33,m.parisi@mail.it,m.parisi,password
Wendy,Sala,Mon Feb 22 00:00:00 CET 1993,22,w.sala@mail.com,w.sala,password
Moreno,Conti,Fri Jul 21 00:00:00 CEST 1995,19,m.conti@gmail.com,m.conti,password
Emily,Castelli,Mon Mar 28 00:00:00 CEST 1988,27,e.castelli@mail.com,e.castelli,password
Gianluca,Pace,Tue Aug 04 00:00:00 CEST 1992,22,g.pace@mail.it,g.pace,password
Manuela,Ruggeri,Sun Mar 27 00:00:00 CET 1994,21,m.ruggeri@mail.com,m.ruggeri,password
Sebastiano,Pace,Thu Jan 19 00:00:00 CET 1995,20,s.pace@hotmail.it,s.pace,password
Benedetta,Pace,Fri Jul 09 00:00:00 CEST 1993,21,b.pace@hotmail.it,b.pace,password
Corrado,Marini,Fri Apr 08 00:00:00 CEST 1988,27,c.marini@hotmail.it,c.marini,password
Annalisa,Pellegrini,Wed May 20 00:00:00 CEST 1992,23,a.pellegrini@outlook.com,a.pellegrini,password
Leonardo,Martino,Mon Jan 07 00:00:00 CET 1991,24,l.martino@libero.it,l.martino,password
Cassandra,Valentini,Fri May 05 00:00:00 CEST 1989,26,c.valentini@libero.it,c.valentini,password
Samuel,Mancini,Tue Apr 21 00:00:00 CEST 1987,28,s.mancini@mail.it,s.mancini,password
Naomi,Poli,Tue Sep 16 00:00:00 CEST 1986,28,n.poli@tiscali.it,n.poli,password
Enrico,Giordano,Sat Jan 21 00:00:00 CET 1995,20,e.giordano@mail.com,e.giordano,password
Cloe,Longo,Sat Jan 08 00:00:00 CET 2000,15,c.longo@alice.it,c.longo,password
Ismaele,Romeo,Fri Dec 29 00:00:00 CET 1995,19,i.romeo@hotmail.it,i.romeo,password
Dharma,Guidi,Fri Mar 18 00:00:00 CET 1994,21,d.guidi@mail.com,d.guidi,password
Emiliano,Guidi,Mon Jun 15 00:00:00 CEST 1981,33,e.guidi@mail.com,e.guidi,password
Alessandra,Leone,Wed Nov 22 00:00:00 CET 2000,14,a.leone@gmail.com,a.leone,password
Michelangelo,Fabbri,Tue May 17 00:00:00 CEST 1988,27,m.fabbri@mail.it,m.fabbri,password
Evelyne,Colombo,Wed Feb 10 00:00:00 CET 1993,22,e.colombo@libero.it,e.colombo,password
Aaron,Pepe,Mon Mar 12 00:00:00 CET 1984,31,a.pepe@mail.com,a.pepe,password
Adelaide,Fabbri,Sun Nov 29 00:00:00 CET 1987,27,a.fabbri@gmail.com,a.fabbri,password
Domenico,Moro,Sat Jul 17 00:00:00 CEST 1982,32,d.moro@libero.it,d.moro,password
Melissa,Giorgi,Fri Jun 08 00:00:00 CEST 1990,25,m.giorgi@gmail.com,m.giorgi,password
Giacomo,Marchetti,Wed May 01 00:00:00 CEST 1985,30,g.marchetti@mail.it,g.marchetti,password
Nicoletta,Agostini,Mon Apr 05 00:00:00 CEST 1993,22,n.agostini@alice.it,n.agostini,password
Giovanni,Neri,Wed Apr 24 00:00:00 CEST 1985,30,g.neri@alice.it,g.neri,password
Desiree,Volpe,Sun May 16 00:00:00 CEST 1982,33,d.volpe@mail.it,d.volpe,password
Narciso,Ricci,Sat Mar 21 00:00:00 CET 1987,28,n.ricci@hotmail.it,n.ricci,password
Melania,Vitale,Sun Aug 14 00:00:00 CEST 1983,31,m.vitale@outlook.com,m.vitale,password
Stefano,Gargiulo,Sat Nov 07 00:00:00 CET 1992,22,s.gargiulo@tiscali.it,s.gargiulo,password
Delfina,Franco,Mon Sep 27 00:00:00 CET 1993,21,d.franco@alice.it,d.franco,password
William,Rossetti,Fri Sep 04 00:00:00 CEST 1998,16,w.rossetti@tiscali.it,w.rossetti,password
Chantal,Caruso,Mon Mar 07 00:00:00 CET 1983,32,c.caruso@jegjeghede.org,c.caruso,password
Marco,Battaglia,Thu Feb 22 00:00:00 CET 1996,19,m.battaglia@outlook.com,m.battaglia,password
Claudia,Silvestri,Sat Oct 21 00:00:00 CET 1995,19,c.silvestri@gmail.com,c.silvestri,password
Emanuele,Parisi,Wed Sep 18 00:00:00 CEST 1991,23,e.parisi@alice.it,e.parisi,password
Aria,Ferro,Wed Sep 10 00:00:00 CEST 1997,17,a.ferro@outlook.com,a.ferro,password
Edoardo,Mele,Mon Apr 06 00:00:00 CEST 1987,28,e.mele@jegjeghede.org,e.mele,password
Martina,Martini,Sun Nov 25 00:00:00 CET 1990,24,m.martini@outlook.com,m.martini,password
Daniele,Colombo,Fri Jul 17 00:00:00 CEST 1987,27,d.colombo@alice.it,d.colombo,password
Sabina,Martini,Tue Jan 12 00:00:00 CET 1993,22,s.martini@jegjeghede.org,s.martini,password
Peter,Gentile,Sat Jul 16 00:00:00 CEST 1983,31,p.gentile@libero.it,p.gentile,password
Priscilla,Vitale,Mon May 27 00:00:00 CEST 1996,19,p.vitale@alice.it,p.vitale,password
Sebastian,Rinaldi,Fri Feb 24 00:00:00 CET 1984,31,s.rinaldi@jegjeghede.org,s.rinaldi,password
Viviana,Villani,Thu Apr 27 00:00:00 CEST 1995,20,v.villani@mail.com,v.villani,password
JacK,Lorusso,Wed Jan 14 00:00:00 CET 1987,28,j.lorusso@tiscali.it,j.lorusso,password
Melania,Palumbo,Fri Jan 21 00:00:00 CET 1983,32,m.palumbo@alice.it,m.palumbo,password
Silvestro,Cirillo,Sun Jan 09 00:00:00 CET 1983,32,s.cirillo@outlook.com,s.cirillo,password
Dharma,Cirillo,Sun Feb 04 00:00:00 CET 1990,25,d.cirillo@gmail.com,d.cirillo,password
Gianluca,Donati,Sat Mar 24 00:00:00 CET 1990,25,g.donati@hotmail.it,g.donati,password
Priscilla,Grimaldi,Tue Mar 12 00:00:00 CET 1991,24,p.grimaldi@libero.it,p.grimaldi,password
Giacomo,Mariani,Sun Jul 15 00:00:00 CEST 1990,24,g.mariani@hotmail.it,g.mariani,password
Teresa,Napolitano,Mon Nov 06 00:00:00 CET 2000,14,t.napolitano@mail.it,t.napolitano,password
Alessio,Ferrari,Wed May 16 00:00:00 CEST 1984,31,a.ferrari@tiscali.it,a.ferrari,password
Morena,Di Stefano,Thu Jan 28 00:00:00 CET 1999,16,m.di stefano@alice.it,m.di stefano,password
Noah,Bianco,Fri Jan 23 00:00:00 CET 1987,28,n.bianco@libero.it,n.bianco,password
Erica,Vitale,Tue Feb 16 00:00:00 CET 1999,16,e.vitale@libero.it,e.vitale,password
Leonardo,Sala,Wed Jan 01 00:00:00 CET 1997,18,l.sala@alice.it,l.sala,password
Martina,Donati,Tue May 27 00:00:00 CEST 1986,29,m.donati@hotmail.it,m.donati,password
Massimiliano,Coppola,Wed Feb 17 00:00:00 CET 1993,22,m.coppola@alice.it,m.coppola,password
Veronica,Grassi,Thu Jun 02 00:00:00 CEST 1988,27,v.grassi@hotmail.it,v.grassi,password
Serafino,Marino,Thu Aug 19 00:00:00 CEST 1999,15,s.marino@mail.com,s.marino,password
Agnese,Fabbri,Thu Feb 11 00:00:00 CET 1993,22,a.fabbri@jegjeghede.org,a.fabbri,password
Aaron,Pozzi,Thu Dec 16 00:00:00 CET 1982,32,a.pozzi@tiscali.it,a.pozzi,password
Desiree,Sartori,Thu May 02 00:00:00 CEST 1991,24,d.sartori@mail.com,d.sartori,password
Efrem,Galli,Mon Mar 23 00:00:00 CET 1998,17,e.galli@outlook.com,e.galli,password
Gloria,Silvestri,Sun Sep 09 00:00:00 CEST 1984,30,g.silvestri@hotmail.it,g.silvestri,password
Antonio,Grimaldi,Mon Jan 04 00:00:00 CET 1982,33,a.grimaldi@tiscali.it,a.grimaldi,password
Giulia,Basile,Wed Nov 11 00:00:00 CET 1998,16,g.basile@libero.it,g.basile,password
Raffaele,Pagano,Sat Nov 21 00:00:00 CET 1998,16,r.pagano@mail.it,r.pagano,password
Jessica,Arena,Tue Aug 05 00:00:00 CEST 1997,17,j.arena@jegjeghede.org,j.arena,password
Isacco,Romeo,Wed Aug 31 00:00:00 CEST 1988,26,i.romeo@alice.it,i.romeo,password
Alice,Bruni,Tue Feb 02 00:00:00 CET 1999,16,a.bruni@outlook.com,a.bruni,password
Domenico,Palmieri,Mon Dec 21 00:00:00 CET 1992,22,d.palmieri@hotmail.it,d.palmieri,password
Olimpia,Lombardi,Thu Oct 20 00:00:00 CET 1994,20,o.lombardi@libero.it,o.lombardi,password
Thomas,Ferro,Wed Nov 21 00:00:00 CET 1990,24,t.ferro@outlook.com,t.ferro,password
Evelyne,Perrone,Sat May 28 00:00:00 CEST 1983,32,e.perrone@outlook.com,e.perrone,password
Vittorio,Calabrese,Thu Jan 24 00:00:00 CET 1985,30,v.calabrese@alice.it,v.calabrese,password
Teresa,Vitale,Tue Mar 23 00:00:00 CET 1999,16,t.vitale@gmail.com,t.vitale,password
Mathias,Bianco,Mon Mar 15 00:00:00 CET 1999,16,m.bianco@libero.it,m.bianco,password
Viviana,Farina,Thu Jan 14 00:00:00 CET 1982,33,v.farina@outlook.com,v.farina,password
Giovanni,Silvestri,Fri Apr 22 00:00:00 CEST 1994,21,g.silvestri@gmail.com,g.silvestri,password
Liliana,Moro,Mon May 17 00:00:00 CEST 1993,22,l.moro@alice.it,l.moro,password
Benedetto,Martino,Thu Aug 08 00:00:00 CEST 1991,23,b.martino@jegjeghede.org,b.martino,password
Edy,Rossi,Mon Nov 15 00:00:00 CET 1999,15,e.rossi@hotmail.it,e.rossi,password
Filippo,Moretti,Sun Mar 20 00:00:00 CET 1983,32,f.moretti@tiscali.it,f.moretti,password
Ester,Cirillo,Thu Oct 21 00:00:00 CET 1982,32,e.cirillo@mail.com,e.cirillo,password
Lorenzo,Valente,Thu Nov 09 00:00:00 CET 1989,25,l.valente@jegjeghede.org,l.valente,password
Soledad,Romano,Wed Jun 06 00:00:00 CEST 1990,25,s.romano@alice.it,s.romano,password
Ivan,Cattaneo,Tue Apr 13 00:00:00 CEST 1993,22,i.cattaneo@hotmail.it,i.cattaneo,password
Carola,Cirillo,Sun Oct 08 00:00:00 CEST 2000,14,c.cirillo@tiscali.it,c.cirillo,password
Thierry,Giuliani,Sun Dec 23 00:00:00 CET 1984,30,t.giuliani@jegjeghede.org,t.giuliani,password
Luna,Piras,Sun Jun 14 00:00:00 CEST 1998,16,l.piras@gmail.com,l.piras,password
Gianluca,Guerra,Thu Oct 14 00:00:00 CET 1993,21,g.guerra@outlook.com,g.guerra,password
Valeria,Aiello,Sun Nov 28 00:00:00 CET 1999,15,v.aiello@tiscali.it,v.aiello,password
Mose',Costa,Tue Jan 16 00:00:00 CET 1990,25,m.costa@mail.it,m.costa,password
Micaela,Giuliani,Tue Oct 22 00:00:00 CET 1991,23,m.giuliani@tiscali.it,m.giuliani,password
Peter,Cavallo,Sun Sep 07 00:00:00 CEST 1986,28,p.cavallo@outlook.com,p.cavallo,password
Jessica,Sartori,Tue Mar 05 00:00:00 CET 1996,19,j.sartori@libero.it,j.sartori,password
Serafino,Bernardi,Sat Feb 23 00:00:00 CET 1985,30,s.bernardi@mail.com,s.bernardi,password
Nicoletta,Romano,Fri Feb 24 00:00:00 CET 1989,26,n.romano@mail.it,n.romano,password
Eros,Fiore,Sat Nov 03 00:00:00 CET 1984,30,e.fiore@hotmail.it,e.fiore,password
Dharma,Moretti,Mon Sep 23 00:00:00 CEST 1996,18,d.moretti@gmail.com,d.moretti,password
Manuele,Marra,Tue Nov 03 00:00:00 CET 1987,27,m.marra@alice.it,m.marra,password
Martina,Vitali,Tue Jun 05 00:00:00 CEST 1990,25,m.vitali@hotmail.it,m.vitali,password
Matteo,Ceccarelli,Thu Aug 14 00:00:00 CEST 1997,17,m.ceccarelli@libero.it,m.ceccarelli,password
Micol,Riva,Sun May 02 00:00:00 CEST 1993,22,m.riva@outlook.com,m.riva,password
Massimiliano,Longo,Mon Jun 22 00:00:00 CEST 1992,22,m.longo@hotmail.it,m.longo,password
Micol,Mariani,Thu Jul 09 00:00:00 CEST 1981,33,m.mariani@gmail.com,m.mariani,password
Hector,Catalano,Wed Aug 15 00:00:00 CEST 1990,24,h.catalano@gmail.com,h.catalano,password
Marilu,Villani,Thu Aug 13 00:00:00 CEST 1992,22,m.villani@outlook.com,m.villani,password
Ulisse,Guidi,Sat Sep 07 00:00:00 CEST 1985,29,u.guidi@alice.it,u.guidi,password
Ines,Valentini,Sat Dec 15 00:00:00 CET 1990,24,i.valentini@gmail.com,i.valentini,password
Manuele,Ruggiero,Fri May 22 00:00:00 CEST 1981,34,m.ruggiero@libero.it,m.ruggiero,password
Arianna,Pozzi,Sat Aug 09 00:00:00 CEST 1986,28,a.pozzi@outlook.com,a.pozzi,password
Benedetto,Ferretti,Fri Aug 18 00:00:00 CEST 2000,14,b.ferretti@hotmail.it,b.ferretti,password
Diletta,Aiello,Sun May 19 00:00:00 CEST 1985,30,d.aiello@hotmail.it,d.aiello,password
Loris,Bruno,Sun Dec 06 00:00:00 CET 1998,16,l.bruno@outlook.com,l.bruno,password
Elisabeth,Pepe,Wed Mar 02 00:00:00 CET 1983,32,e.pepe@mail.it,e.pepe,password
Roy,Mele,Tue Oct 03 00:00:00 CET 1989,25,r.mele@tiscali.it,r.mele,password
Cassiopea,Ricci,Tue Jun 02 00:00:00 CEST 1987,28,c.ricci@mail.it,c.ricci,password
Battista,Ferraro,Thu May 13 00:00:00 CEST 1982,33,b.ferraro@gmail.com,b.ferraro,password
Marianna,Fabbri,Fri Apr 22 00:00:00 CEST 1983,32,m.fabbri@alice.it,m.fabbri,password
Aaron,Catalano,Sun Jul 07 00:00:00 CEST 1996,18,a.catalano@jegjeghede.org,a.catalano,password
Zoe,Montanari,Mon Jun 19 00:00:00 CEST 2000,14,z.montanari@libero.it,z.montanari,password
Vincenzo,Moretti,Sat Mar 18 00:00:00 CET 1989,26,v.moretti@hotmail.it,v.moretti,password
Deborah,Volpe,Thu Oct 29 00:00:00 CET 1992,22,d.volpe@mail.com,d.volpe,password
Sebastiano,Pellegrini,Sat Dec 14 00:00:00 CET 1991,23,s.pellegrini@tiscali.it,s.pellegrini,password
Gioia,Ruggeri,Sat May 29 00:00:00 CEST 1993,22,g.ruggeri@gmail.com,g.ruggeri,password
Maurizio,Fiore,Wed Sep 27 00:00:00 CEST 2000,14,m.fiore@jegjeghede.org,m.fiore,password
Ambra,Sartori,Fri Jun 15 00:00:00 CEST 1984,30,a.sartori@outlook.com,a.sartori,password
Daniele,Catalano,Fri Jan 24 00:00:00 CET 1986,29,d.catalano@mail.it,d.catalano,password
Iris,Fiore,Tue Apr 21 00:00:00 CEST 1987,28,i.fiore@mail.it,i.fiore,password
Loris,De Rosa,Sat Apr 08 00:00:00 CEST 1995,20,l.de rosa@mail.it,l.de rosa,password
Evelyne,Gallo,Tue Jun 03 00:00:00 CEST 1997,18,e.gallo@libero.it,e.gallo,password
Jacopo,Ricci,Wed Jul 26 00:00:00 CEST 1989,25,j.ricci@mail.it,j.ricci,password
Carola,Villani,Sat Dec 23 00:00:00 CET 1995,19,c.villani@gmail.com,c.villani,password
Giosue',Pace,Thu May 18 00:00:00 CEST 1989,26,g.pace@tiscali.it,g.pace,password
Ambrosia,Marchi,Wed Jun 01 00:00:00 CEST 1988,27,a.marchi@mail.com,a.marchi,password
Sasha,Bernardi,Fri Feb 13 00:00:00 CET 1998,17,s.bernardi@libero.it,s.bernardi,password
Melissa,Testa,Fri Oct 08 00:00:00 CET 1982,32,m.testa@tiscali.it,m.testa,password
Umberto,Cavallo,Sat Jan 30 00:00:00 CET 1982,33,u.cavallo@mail.com,u.cavallo,password
Domitilla,Monti,Mon Jan 16 00:00:00 CET 1984,31,d.monti@alice.it,d.monti,password
Silvestro,Proietti,Wed Dec 28 00:00:00 CET 1988,26,s.proietti@jegjeghede.org,s.proietti,password
Vittoria,Marini,Thu Oct 28 00:00:00 CET 1982,32,v.marini@gmail.com,v.marini,password
Renato,Pastore,Wed Feb 16 00:00:00 CET 1983,32,r.pastore@libero.it,r.pastore,password
Layla,Martini,Tue Jan 13 00:00:00 CET 1981,34,l.martini@libero.it,l.martini,password
Mathias,Arena,Mon Nov 30 00:00:00 CET 1998,16,m.arena@mail.com,m.arena,password
Ninfa,Esposito,Thu Feb 07 00:00:00 CET 1991,24,n.esposito@tiscali.it,n.esposito,password
Bartolomeo,Mazza,Sat Feb 02 00:00:00 CET 1980,35,b.mazza@jegjeghede.org,b.mazza,password
Delfina,Ferraro,Thu Mar 08 00:00:00 CET 1990,25,d.ferraro@mail.com,d.ferraro,password
Ivan,Ceccarelli,Mon Feb 24 00:00:00 CET 1992,23,i.ceccarelli@gmail.com,i.ceccarelli,password
Gioia,Barbieri,Mon Aug 02 00:00:00 CEST 1982,32,g.barbieri@mail.it,g.barbieri,password
William,Vitale,Fri May 07 00:00:00 CEST 1993,22,w.vitale@gmail.com,w.vitale,password
Shana,Neri,Sat Apr 01 00:00:00 CEST 1995,20,s.neri@alice.it,s.neri,password
Matteo,Greco,Mon Nov 07 00:00:00 CET 1994,20,m.greco@outlook.com,m.greco,password
Leila,Giuliani,Sat Apr 18 00:00:00 CEST 1992,23,l.giuliani@alice.it,l.giuliani,password
Paolo,Marra,Sat Nov 19 00:00:00 CET 1994,20,p.marra@mail.com,p.marra,password
Miriam,Silvestri,Sat Feb 21 00:00:00 CET 1998,17,m.silvestri@hotmail.it,m.silvestri,password
Thierry,Marra,Tue May 21 00:00:00 CEST 1991,24,t.marra@tiscali.it,t.marra,password
Sibilla,Bruno,Thu Jun 02 00:00:00 CEST 1994,21,s.bruno@outlook.com,s.bruno,password
Marco,Gentile,Sun Jul 06 00:00:00 CEST 1997,17,m.gentile@tiscali.it,m.gentile,password
Ines,Marra,Thu May 14 00:00:00 CEST 1987,28,i.marra@jegjeghede.org,i.marra,password
Moris,Gentile,Mon Aug 10 00:00:00 CEST 1987,27,m.gentile@libero.it,m.gentile,password
Dorotea,Conti,Thu Mar 07 00:00:00 CET 1991,24,d.conti@jegjeghede.org,d.conti,password
Mathias,Carbone,Thu Apr 21 00:00:00 CEST 1994,21,m.carbone@tiscali.it,m.carbone,password
Daniela,Meloni,Fri Dec 24 00:00:00 CET 1993,21,d.meloni@gmail.com,d.meloni,password
Alessio,Garofalo,Wed Jan 29 00:00:00 CET 1997,18,a.garofalo@mail.com,a.garofalo,password
Elisabeth,Mancini,Mon Mar 12 00:00:00 CET 1990,25,e.mancini@gmail.com,e.mancini,password
Antonio,De Rosa,Wed Feb 05 00:00:00 CET 1986,29,a.de rosa@hotmail.it,a.de rosa,password
Penelope,Costa,Wed May 14 00:00:00 CEST 1986,29,p.costa@hotmail.it,p.costa,password
Sirio,Strambini,Wed Oct 12 00:00:00 CET 1983,31,s.strambini@mail.it,s.strambini,password
Viviana,Ceccarelli,Tue Aug 19 00:00:00 CEST 1997,17,v.ceccarelli@jegjeghede.org,v.ceccarelli,password
Hector,De Simone,Fri Mar 21 00:00:00 CET 1986,29,h.de simone@tiscali.it,h.de simone,password
Shirley,Caputo,Wed Aug 17 00:00:00 CEST 1983,31,s.caputo@libero.it,s.caputo,password
Salvatore,De Luca,Tue Mar 18 00:00:00 CET 1997,18,s.de luca@libero.it,s.de luca,password
Elisabeth,Strambini,Thu Dec 03 00:00:00 CET 1981,33,e.strambini@jegjeghede.org,e.strambini,password
Francesco,Romano,Sat Mar 07 00:00:00 CET 1992,23,f.romano@gmail.com,f.romano,password
Gioia,Fontana,Sat Dec 11 00:00:00 CET 1999,15,g.fontana@gmail.com,g.fontana,password
Giacomo,Zanetti,Sat Aug 01 00:00:00 CEST 1998,16,g.zanetti@tiscali.it,g.zanetti,password
Valeria,Pastore,Wed Sep 09 00:00:00 CEST 1987,27,v.pastore@outlook.com,v.pastore,password
Ivan,Fabbri,Mon Aug 05 00:00:00 CEST 1991,23,i.fabbri@libero.it,i.fabbri,password
Sabina,Costa,Tue Nov 05 00:00:00 CET 1991,23,s.costa@alice.it,s.costa,password
Massimo,Marra,Mon Aug 04 00:00:00 CEST 1997,17,m.marra@hotmail.it,m.marra,password
Paola,Cirillo,Thu Apr 10 00:00:00 CEST 1986,29,p.cirillo@hotmail.it,p.cirillo,password
Igor,Strambini,Sun Jun 01 00:00:00 CEST 1997,18,i.strambini@hotmail.it,i.strambini,password
Emily,Sorrentino,Fri Apr 04 00:00:00 CEST 1986,29,e.sorrentino@hotmail.it,e.sorrentino,password
Ulisse,Olivieri,Mon Apr 12 00:00:00 CEST 1999,16,u.olivieri@tiscali.it,u.olivieri,password
Marianna,De Simone,Wed Jul 03 00:00:00 CEST 1991,23,m.de simone@mail.com,m.de simone,password
Rossano,Franco,Tue Aug 09 00:00:00 CEST 1983,31,r.franco@libero.it,r.franco,password
Morgana,Piazza,Wed Apr 01 00:00:00 CEST 1981,34,m.piazza@alice.it,m.piazza,password
Eros,Ferrara,Sat Jul 22 00:00:00 CEST 2000,14,e.ferrara@jegjeghede.org,e.ferrara,password
Daniela,Gentile,Mon Apr 22 00:00:00 CEST 1985,30,d.gentile@tiscali.it,d.gentile,password
Noah,Ferro,Wed Apr 15 00:00:00 CEST 1987,28,n.ferro@tiscali.it,n.ferro,password
Elena,Conte,Fri Jun 12 00:00:00 CEST 1998,17,e.conte@mail.it,e.conte,password
Alessio,Carbone,Sun Jun 07 00:00:00 CEST 1992,23,a.carbone@libero.it,a.carbone,password
Astrid,Sartori,Fri Jun 07 00:00:00 CEST 1991,24,a.sartori@mail.it,a.sartori,password
Edoardo,Bellini,Sat Nov 13 00:00:00 CET 1999,15,e.bellini@libero.it,e.bellini,password
Viviana,Barbieri,Thu Jul 07 00:00:00 CEST 1988,26,v.barbieri@tiscali.it,v.barbieri,password
Adam,Romano,Wed Apr 06 00:00:00 CEST 1994,21,a.romano@mail.it,a.romano,password
Ambra,Di Stefano,Sat Oct 10 00:00:00 CEST 1998,16,a.di stefano@tiscali.it,a.di stefano,password
Salvatore,Mazza,Tue Nov 22 00:00:00 CET 1994,20,s.mazza@jegjeghede.org,s.mazza,password
Evelyne,Mele,Fri Jun 29 00:00:00 CEST 1990,24,e.mele@libero.it,e.mele,password
Domenico,Sanna,Fri Feb 10 00:00:00 CET 1995,20,d.sanna@alice.it,d.sanna,password
Anna,Cattaneo,Sun Sep 23 00:00:00 CEST 1984,30,a.cattaneo@libero.it,a.cattaneo,password
Thierry,Rossetti,Sat Jan 30 00:00:00 CET 1999,16,t.rossetti@mail.it,t.rossetti,password
Barbara,Barbieri,Wed Jun 26 00:00:00 CEST 1996,18,b.barbieri@alice.it,b.barbieri,password
Mose',Marchi,Sat Dec 18 00:00:00 CET 1982,32,m.marchi@hotmail.it,m.marchi,password
Teodora,Bernardi,Sat Aug 18 00:00:00 CEST 1990,24,t.bernardi@libero.it,t.bernardi,password
Edoardo,Fiore,Tue Aug 06 00:00:00 CEST 1996,18,e.fiore@tiscali.it,e.fiore,password
Olimpia,Ferrero,Mon Dec 18 00:00:00 CET 2000,14,o.ferrero@gmail.com,o.ferrero,password
Uribe,Catalano,Wed Aug 08 00:00:00 CEST 1984,30,u.catalano@tiscali.it,u.catalano,password
Barbara,Ferri,Tue Jul 17 00:00:00 CEST 1990,24,b.ferri@mail.com,b.ferri,password
Emanuele,Cavallo,Sun Aug 17 00:00:00 CEST 1980,34,e.cavallo@hotmail.it,e.cavallo,password
Yasmine,Ricci,Tue Nov 02 00:00:00 CET 1999,15,y.ricci@gmail.com,y.ricci,password
Marco,Montanari,Sun Nov 06 00:00:00 CET 1988,26,m.montanari@mail.com,m.montanari,password
Vera,Ricciardi,Wed Jul 18 00:00:00 CEST 1990,24,v.ricciardi@tiscali.it,v.ricciardi,password
Peter,Poli,Wed Apr 07 00:00:00 CEST 1993,22,p.poli@alice.it,p.poli,password
Lizabeth,Lombardi,Fri Aug 27 00:00:00 CEST 1982,32,l.lombardi@mail.com,l.lombardi,password
Leonardo,Guerra,Tue May 12 00:00:00 CEST 1992,23,l.guerra@hotmail.it,l.guerra,password
Nadia,Valente,Thu Apr 10 00:00:00 CEST 1980,35,n.valente@gmail.com,n.valente,password
Giovanni,Perrone,Mon Dec 09 00:00:00 CET 1996,18,g.perrone@hotmail.it,g.perrone,password
Gioia,Agostini,Tue Jun 15 00:00:00 CEST 1993,21,g.agostini@libero.it,g.agostini,password
Adam,Poli,Thu Apr 28 00:00:00 CEST 1994,21,a.poli@alice.it,a.poli,password
Ottavia,Sorrentino,Thu Aug 19 00:00:00 CEST 1993,21,o.sorrentino@mail.it,o.sorrentino,password
Gabriele,Piazza,Thu Jan 12 00:00:00 CET 1989,26,g.piazza@mail.it,g.piazza,password
Martina,Conte,Mon Apr 04 00:00:00 CEST 1994,21,m.conte@outlook.com,m.conte,password
Sasha,Ruggiero,Tue Feb 25 00:00:00 CET 1992,23,s.ruggiero@gmail.com,s.ruggiero,password
Viviana,Bianco,Fri Jun 26 00:00:00 CEST 1981,33,v.bianco@tiscali.it,v.bianco,password
Federico,Rizzo,Sat Sep 08 00:00:00 CEST 1984,30,f.rizzo@hotmail.it,f.rizzo,password
Valeria,Ferretti,Fri Oct 06 00:00:00 CEST 2000,14,v.ferretti@mail.com,v.ferretti,password
Maurizio,Marra,Wed Nov 03 00:00:00 CET 1982,32,m.marra@gmail.com,m.marra,password
Aurora,Piccolo,Thu Sep 02 00:00:00 CEST 1982,32,a.piccolo@libero.it,a.piccolo,password
Mattia,Rizzi,Tue Sep 22 00:00:00 CEST 1998,16,m.rizzi@tiscali.it,m.rizzi,password
Miriam,Santini,Tue Jul 05 00:00:00 CEST 1994,20,m.santini@alice.it,m.santini,password
Rossano,Bellini,Mon Aug 30 00:00:00 CEST 1999,15,r.bellini@hotmail.it,r.bellini,password
Eleonora,Ricciardi,Mon Nov 04 00:00:00 CET 1985,29,e.ricciardi@outlook.com,e.ricciardi,password
Antonio,Morelli,Wed Jan 28 00:00:00 CET 1981,34,a.morelli@mail.com,a.morelli,password
Paola,Perrone,Sun Aug 17 00:00:00 CEST 1986,28,p.perrone@mail.it,p.perrone,password
Raffaele,Ruggeri,Sun Sep 06 00:00:00 CEST 1981,33,r.ruggeri@tiscali.it,r.ruggeri,password
Maia,Ruggiero,Wed Jun 24 00:00:00 CEST 1981,33,m.ruggiero@mail.it,m.ruggiero,password
Roberto,Grasso,Tue Jun 08 00:00:00 CEST 1993,22,r.grasso@hotmail.it,r.grasso,password
Gloria,Strambini,Thu Jun 26 00:00:00 CEST 1997,17,g.strambini@mail.it,g.strambini,password
Mathias,Russo,Mon Jan 27 00:00:00 CET 1986,29,m.russo@mail.it,m.russo,password
Luna,Mancini,Mon Nov 23 00:00:00 CET 1998,16,l.mancini@gmail.com,l.mancini,password
Eros,Longo,Thu Oct 17 00:00:00 CET 1991,23,e.longo@mail.it,e.longo,password
Elisabetta,Amato,Tue Jun 30 00:00:00 CEST 1987,27,e.amato@hotmail.it,e.amato,password
Saverio,Ruggiero,Sat Mar 16 00:00:00 CET 1985,30,s.ruggiero@mail.it,s.ruggiero,password
Ottavia,Gargiulo,Sat Apr 16 00:00:00 CEST 1983,32,o.gargiulo@mail.it,o.gargiulo,password
Jacopo,Moro,Thu Oct 22 00:00:00 CEST 1998,16,j.moro@jegjeghede.org,j.moro,password
Lizabeth,Bianchi,Mon Dec 10 00:00:00 CET 1984,30,l.bianchi@mail.it,l.bianchi,password
Vittorio,Esposito,Fri Apr 04 00:00:00 CET 1980,35,v.esposito@tiscali.it,v.esposito,password
Vittoria,Marino,Thu Jul 25 00:00:00 CEST 1991,23,v.marino@jegjeghede.org,v.marino,password
Fabrizio,Aiello,Fri Jun 21 00:00:00 CEST 1991,23,f.aiello@gmail.com,f.aiello,password
Naomi,Ferrero,Fri Jan 03 00:00:00 CET 1986,29,n.ferrero@mail.it,n.ferrero,password
Loris,Calabrese,Fri Jul 18 00:00:00 CEST 1986,28,l.calabrese@tiscali.it,l.calabrese,password
